,degree,cc
0,2,0.0
92,45,0.1292929292929293
428,332,0.10999890801878208
1,3,0.3333333333333333
689,142,0.1967835381080811
1147,216,0.037252368647717485
1666,112,0.22023809523809523
2,78,0.1088911088911089
179,24,0.39492753623188404
587,46,0.2821256038647343
474,5,0.0
287,353,0.0890902652588205
126,39,0.3792172739541161
590,44,0.2758985200845666
289,41,0.4060975609756098
530,164,0.17439772557234776
291,65,0.26875
848,18,0.47058823529411764
267,120,0.18361344537815127
1177,92,0.24104156712852365
920,30,0.21839080459770116
1785,37,0.35735735735735735
923,95,0.23784994400895856
417,57,0.23308270676691728
1619,31,0.4129032258064516
1040,62,0.21417239555790588
656,138,0.11805775944144715
1432,9,0.4722222222222222
486,43,0.3654485049833887
786,41,0.21097560975609755
1138,53,0.3802612481857765
1423,83,0.18660005877167204
425,49,0.4192176870748299
1365,65,0.2639423076923077
19,10,0.15555555555555556
1327,11,0.2727272727272727
1025,25,0.3
132,20,0.4421052631578947
866,86,0.13160054719562245
1694,44,0.19238900634249473
1443,98,0.13128550389227855
608,108,0.2670474212530287
249,46,0.43768115942028984
609,46,0.28888888888888886
1867,120,0.16176470588235295
1345,27,0.4843304843304843
99,5,0.1
1850,83,0.27475756685277697
769,120,0.1876750700280112
167,54,0.21313766596785463
127,767,0.03901130510857466
883,41,0.3951219512195122
318,135,0.08225538971807629
1384,25,0.47333333333333333
1389,51,0.2909803921568627
260,112,0.1907979407979408
1455,48,0.2349290780141844
78,60,0.25310734463276835
1168,30,0.2574712643678161
968,18,0.37254901960784315
944,38,0.22048364153627312
752,35,0.25546218487394956
56,29,0.41133004926108374
690,17,0.40441176470588236
960,47,0.34135060129509714
766,16,0.2833333333333333
1093,12,0.24242424242424243
1464,21,0.36666666666666664
1720,66,0.26573426573426573
36,276,0.1272463768115942
1020,38,0.310099573257468
983,11,0.23636363636363636
398,58,0.23714458560193588
1193,75,0.20540540540540542
207,87,0.20449077786688052
1287,196,0.12762951334379904
298,44,0.27801268498942916
1158,19,0.2573099415204678
1876,21,0.23809523809523808
1241,22,0.2727272727272727
1789,17,0.3088235294117647
471,320,0.09482758620689655
1782,56,0.12272727272727273
1788,9,0.4166666666666667
913,72,0.2746478873239437
3,57,0.40476190476190477
1422,206,0.1351172152498224
894,123,0.10742369718779154
1194,78,0.23776223776223776
290,590,0.05042732583235015
67,454,0.07685425601229201
1245,131,0.17216676453317675
851,20,0.38421052631578945
1557,186,0.16012786980528915
1142,300,0.11901895206243032
422,105,0.21501831501831503
1304,83,0.16544225683220687
928,182,0.09137271568210795
467,582,0.05823588906435758
1502,132,0.13624797594263244
1311,292,0.043143623781951704
305,279,0.07467574327634667
867,19,0.4619883040935672
1758,394,0.07132431769158239
1807,101,0.29326732673267325
1259,385,0.07448593073593074
1297,587,0.058404218825403656
669,200,0.11537688442211055
496,202,0.07841978227673514
455,260,0.07122067122067122
1701,53,0.2757619738751814
870,60,0.30903954802259886
557,126,0.0714920634920635
1344,38,0.37695590327169276
880,137,0.08909403177329325
173,64,0.2425595238095238
1621,198,0.17515254063477415
1320,416,0.07043558850787766
35,216,0.14638242894056847
1829,148,0.1891891891891892
1014,221,0.08634306869600987
504,124,0.22869131917125624
1543,137,0.12215543151567196
628,220,0.1409713574097136
814,151,0.10242825607064018
12,9,0.3888888888888889
1593,368,0.10589681317379457
103,351,0.06692714692714692
637,55,0.2175084175084175
1660,475,0.06379746835443038
698,148,0.12281669424526567
59,143,0.13395055648576776
1476,598,0.04458188377786368
335,51,0.25333333333333335
1787,173,0.17952681812071514
4,2,0.0
369,237,0.14328112708288637
1856,6,0.13333333333333333
5,30,0.5448275862068965
499,37,0.33483483483483484
896,23,0.45849802371541504
982,121,0.09104683195592286
677,48,0.30319148936170215
717,168,0.17543484459652126
820,11,0.41818181818181815
1549,34,0.36363636363636365
1721,276,0.061870882740447955
864,41,0.36585365853658536
1763,174,0.11474320643146635
585,9,0.5277777777777778
1636,44,0.4503171247357294
6,74,0.2913735653461681
1486,176,0.10701298701298702
1135,18,0.23529411764705882
1843,35,0.2
170,19,0.5614035087719298
528,42,0.3077816492450639
235,56,0.10909090909090909
654,181,0.16955187231430324
908,57,0.35213032581453635
1137,147,0.1269220016773833
358,83,0.19424037613870115
589,66,0.26666666666666666
1249,115,0.15255530129672007
1045,21,0.4523809523809524
661,53,0.2474600870827286
306,113,0.16861567635903918
188,267,0.1603165216411816
1157,94,0.24182109357126516
1739,280,0.084715821812596
1821,278,0.08131833883074047
742,14,0.4065934065934066
315,148,0.20858613715756572
560,177,0.16056753980482794
441,190,0.19153439153439153
726,69,0.2966751918158568
806,170,0.14939088061260006
1154,78,0.32967032967032966
1839,30,0.4
448,26,0.18769230769230769
1909,7,0.047619047619047616
45,169,0.1312341504649197
1008,25,0.26666666666666666
176,201,0.21134328358208956
759,30,0.2827586206896552
1367,80,0.15379746835443037
1532,30,0.19540229885057472
48,20,0.46842105263157896
1340,42,0.26364692218350755
1420,6,0.4666666666666667
1232,143,0.17492366788141436
827,68,0.24802458296751537
1474,60,0.37401129943502825
1414,127,0.2543432070991126
1026,30,0.45057471264367815
1337,119,0.07933342828656886
1855,29,0.2832512315270936
1642,31,0.524731182795699
124,42,0.3077816492450639
7,8,0.4642857142857143
1827,41,0.4378048780487805
1348,22,0.3246753246753247
8,7,0.14285714285714285
1808,47,0.10823311748381129
488,135,0.04831398562741846
148,77,0.2857142857142857
751,157,0.10101257553486853
9,19,0.36257309941520466
139,103,0.3089663049685894
897,6,0.06666666666666667
712,46,0.32657004830917874
1669,22,0.3246753246753247
351,23,0.5138339920948617
195,126,0.17206349206349206
1585,8,0.21428571428571427
245,27,0.33903133903133903
601,82,0.2532369768142126
10,8,0.25
151,5,0.2
505,8,0.35714285714285715
11,41,0.4573170731707317
777,232,0.1599492461561427
1544,5,1.0
391,86,0.2454172366621067
1246,20,0.14736842105263157
869,135,0.15787728026533995
817,79,0.290814670561506
784,138,0.2219401248280969
1408,106,0.29703504043126683
95,63,0.2867383512544803
155,23,0.1857707509881423
604,81,0.2876543209876543
1256,80,0.18575949367088607
1441,54,0.3857442348008386
1260,85,0.2092436974789916
1140,56,0.33051948051948055
1494,31,0.3935483870967742
1726,89,0.22063329928498468
189,3,0.3333333333333333
984,100,0.25676767676767676
868,199,0.12781077102685143
1148,65,0.23557692307692307
1608,98,0.16242373237954977
110,45,0.3111111111111111
1634,26,0.48615384615384616
1732,57,0.3815789473684211
116,99,0.24572253143681716
1590,4,0.16666666666666666
472,54,0.1970649895178197
13,1,0.0
446,26,0.04923076923076923
14,21,0.4095238095238095
409,62,0.32522474881015334
1706,82,0.10418548629930743
996,109,0.10278627251104315
62,112,0.14736164736164736
893,109,0.10074753652735303
15,14,0.2857142857142857
85,13,0.1794871794871795
1257,22,0.2554112554112554
261,95,0.148488241881299
1333,12,0.13636363636363635
1234,4,0.0
342,48,0.26595744680851063
16,37,0.17567567567567569
1239,19,0.3216374269005848
1589,33,0.24621212121212122
37,41,0.22317073170731708
1033,15,0.3047619047619048
323,45,0.4303030303030303
881,58,0.2601330913490623
1090,38,0.2019914651493599
1541,78,0.12420912420912421
432,54,0.18867924528301888
1370,67,0.13432835820895522
666,31,0.15268817204301074
1102,60,0.34124293785310733
1066,53,0.32801161103047893
636,39,0.17543859649122806
1356,52,0.21417797888386123
1039,23,0.2134387351778656
440,60,0.18135593220338983
161,44,0.3572938689217759
1485,34,0.21212121212121213
24,41,0.1378048780487805
738,71,0.22696177062374245
17,1,0.0
1641,11,0.14545454545454545
18,3,0.6666666666666666
1374,231,0.12294372294372294
899,105,0.1467032967032967
1533,92,0.06521739130434782
26,75,0.15207207207207207
682,229,0.07473377767563012
1067,8,0.32142857142857145
1108,25,0.19333333333333333
523,40,0.191025641025641
20,16,0.31666666666666665
576,16,0.39166666666666666
580,27,0.301994301994302
612,15,0.49523809523809526
1279,84,0.21887550200803213
788,2,0.0
1354,55,0.19326599326599325
21,23,0.4308300395256917
1711,41,0.3573170731707317
1166,64,0.19990079365079366
513,66,0.25547785547785545
1687,54,0.30887491264849753
341,116,0.20869565217391303
1254,60,0.20056497175141244
1183,11,0.21818181818181817
340,40,0.4512820512820513
22,18,0.16339869281045752
478,8,0.14285714285714285
1673,116,0.16506746626686658
862,59,0.11221507890122735
119,29,0.03694581280788178
565,58,0.24742891712038717
180,47,0.23774283071230343
1896,43,0.27353266888150607
383,21,0.09047619047619047
1269,65,0.2610576923076923
470,79,0.28237585199610515
1201,32,0.2661290322580645
1155,29,0.41625615763546797
23,4,0.6666666666666666
1329,14,0.38461538461538464
1326,24,0.2210144927536232
781,219,0.06086883666373424
1456,17,0.6102941176470589
175,11,0.14545454545454545
205,67,0.32700135685210313
736,5,0.7
630,49,0.26105442176870747
1280,102,0.1215298000388274
1737,7,0.23809523809523808
106,89,0.16164453524004085
514,42,0.23577235772357724
887,31,0.2838709677419355
1416,44,0.22938689217758984
553,9,0.1388888888888889
374,27,0.7037037037037037
1185,95,0.13818589025755879
114,25,0.25666666666666665
1825,60,0.20282485875706216
1175,23,0.1857707509881423
1267,39,0.2483130904183536
25,11,0.23636363636363636
1170,7,0.2857142857142857
1197,29,0.23891625615763548
1539,10,0.15555555555555556
149,11,0.3090909090909091
219,18,0.35294117647058826
1442,26,0.27384615384615385
1761,40,0.3935897435897436
818,28,0.41534391534391535
1824,30,0.20919540229885059
120,33,0.3428030303030303
1835,11,0.12727272727272726
352,65,0.2846153846153846
1196,149,0.1117358969707963
657,37,0.25675675675675674
541,14,0.32967032967032966
1307,12,0.3181818181818182
1503,3,0.3333333333333333
250,43,0.2757475083056478
995,40,0.28846153846153844
1877,24,0.2608695652173913
910,17,0.4117647058823529
502,50,0.1469387755102041
732,30,0.28045977011494255
109,37,0.33933933933933935
1892,45,0.29292929292929293
388,46,0.2589371980676328
621,9,0.3888888888888889
319,76,0.18210526315789474
437,9,0.3333333333333333
1220,19,0.52046783625731
1741,55,0.2754208754208754
265,67,0.16689280868385345
1213,8,0.6071428571428571
363,40,0.1858974358974359
1841,34,0.23529411764705882
1002,14,0.37362637362637363
104,33,0.4128787878787879
258,15,0.08571428571428572
970,38,0.27453769559032715
460,45,0.16161616161616163
1614,31,0.4860215053763441
1255,14,0.31868131868131866
1535,29,0.27832512315270935
1602,12,0.4696969696969697
975,28,0.40476190476190477
1207,12,0.4696969696969697
399,16,0.5083333333333333
1184,21,0.3952380952380952
113,44,0.2938689217758985
645,53,0.3200290275761974
1290,33,0.3314393939393939
107,23,0.2766798418972332
1351,17,0.1323529411764706
27,43,0.2868217054263566
713,36,0.42857142857142855
1104,64,0.1626984126984127
1012,85,0.34257703081232493
823,109,0.14271151885830785
1431,16,0.39166666666666666
976,16,0.21666666666666667
477,34,0.32976827094474154
102,98,0.17357458447296445
725,62,0.10840824960338445
1083,17,0.2426470588235294
1189,17,0.2426470588235294
830,19,0.391812865497076
840,34,0.34402852049910876
198,35,0.2957983193277311
1793,24,0.13768115942028986
28,10,0.35555555555555557
1579,9,0.08333333333333333
1387,9,0.25
303,4,0.0
423,33,0.2746212121212121
29,57,0.19924812030075187
1736,49,0.2653061224489796
754,15,0.3047619047619048
1308,68,0.291044776119403
605,34,0.21746880570409982
798,19,0.14035087719298245
1383,24,0.18840579710144928
592,25,0.14333333333333334
1007,20,0.2631578947368421
567,51,0.26509803921568625
957,27,0.2792022792022792
686,35,0.12605042016806722
1169,6,0.5333333333333333
1411,13,0.1794871794871795
849,9,0.1388888888888889
1871,14,0.3076923076923077
57,59,0.3179427235534775
638,14,0.2857142857142857
517,12,0.16666666666666666
1598,16,0.35
1483,18,0.5163398692810458
404,152,0.17366678285116766
1911,13,0.2564102564102564
1670,15,0.047619047619047616
30,11,0.32727272727272727
312,8,0.14285714285714285
411,10,0.2222222222222222
598,25,0.3933333333333333
1647,98,0.1407532084998948
1036,176,0.13902597402597403
31,27,0.3732193732193732
201,69,0.28090366581415177
447,23,0.49407114624505927
1146,9,0.6944444444444444
1433,184,0.11386315039201711
1811,104,0.26418969380134427
217,37,0.25225225225225223
430,4,0.16666666666666666
1676,8,0.2857142857142857
197,98,0.04923206395960446
32,3,1.0
1226,53,0.23076923076923078
63,53,0.43686502177068215
33,73,0.1933028919330289
989,12,0.48484848484848486
924,27,0.35327635327635326
1662,96,0.2596491228070175
84,10,0.4
1312,54,0.22431865828092243
493,76,0.1726315789473684
1015,16,0.39166666666666666
1095,10,0.24444444444444444
1700,22,0.24675324675324675
874,26,0.48615384615384616
743,95,0.2855543113101904
317,33,0.32954545454545453
424,71,0.20241448692152916
1388,47,0.333950046253469
747,81,0.19969135802469135
810,27,0.28205128205128205
679,48,0.28900709219858156
322,22,0.30303030303030304
324,32,0.4334677419354839
1221,55,0.24444444444444444
688,98,0.2728802861350726
479,28,0.28835978835978837
101,50,0.3273469387755102
575,12,0.3939393939393939
1467,80,0.2636075949367089
457,30,0.25517241379310346
1844,62,0.2940243257535695
1179,192,0.15275959860383945
1180,35,0.34789915966386553
1784,30,0.27816091954022987
1361,46,0.3323671497584541
1266,4,0.8333333333333334
1372,42,0.16608594657375145
332,31,0.22365591397849463
337,41,0.3646341463414634
209,12,0.24242424242424243
492,31,0.4559139784946237
1236,54,0.2578616352201258
439,25,0.26
34,2,0.0
709,8,0.5
1475,23,0.5098814229249012
816,40,0.2858974358974359
1677,71,0.24225352112676057
483,26,0.36
615,60,0.3389830508474576
1202,5,0.5
489,56,0.31103896103896106
912,39,0.26855600539811064
993,24,0.4057971014492754
1206,18,0.5163398692810458
248,20,0.5631578947368421
1209,30,0.28045977011494255
746,37,0.46096096096096095
1727,41,0.20243902439024392
715,32,0.3064516129032258
264,43,0.416389811738649
1228,8,0.5357142857142857
734,5,0.5
1470,18,0.3790849673202614
520,38,0.4566145092460882
278,34,0.3868092691622103
1426,100,0.24242424242424243
1490,31,0.47096774193548385
1744,15,0.24761904761904763
1745,7,0.42857142857142855
70,48,0.17641843971631205
536,82,0.29238181270701596
407,40,0.3935897435897436
1747,15,0.5619047619047619
1386,57,0.2593984962406015
475,9,0.3888888888888889
1754,58,0.2885662431941924
549,46,0.39903381642512076
1052,16,0.475
1053,46,0.19516908212560385
555,23,0.34782608695652173
1268,5,0.6
1167,77,0.21189336978810663
807,35,0.4672268907563025
564,37,0.3768768768768769
1274,41,0.4060975609756098
1522,44,0.28858350951374206
325,25,0.4033333333333333
577,130,0.1635062611806798
578,15,0.4666666666666667
1392,47,0.3635522664199815
1068,208,0.1343366778149387
828,93,0.30598410472183263
338,33,0.48484848484848486
1293,26,0.4246153846153846
350,19,0.1695906432748538
353,28,0.4365079365079365
802,14,0.5494505494505495
1084,7,0.38095238095238093
812,36,0.3380952380952381
367,23,0.4980237154150198
1288,51,0.23607843137254902
1314,8,0.25
610,24,0.45652173913043476
877,26,0.3076923076923077
1851,34,0.3868092691622103
1640,61,0.2994535519125683
375,43,0.292358803986711
674,22,0.3593073593073593
378,5,0.3
1109,38,0.4238975817923186
1822,17,0.5808823529411765
1298,30,0.2597701149425287
429,100,0.17535353535353534
147,122,0.18913426364991193
150,83,0.24272700558330884
390,26,0.5046153846153846
392,11,0.32727272727272727
1263,108,0.17012807199723087
1121,62,0.19037546271813854
1038,37,0.33783783783783783
336,24,0.2427536231884058
1648,14,0.3956043956043956
403,39,0.3724696356275304
911,46,0.23478260869565218
915,11,0.4909090909090909
916,17,0.4485294117647059
1863,24,0.391304347826087
1478,24,0.3442028985507246
919,16,0.21666666666666667
415,67,0.1854364540931705
1872,53,0.41219158200290273
1151,18,0.42483660130718953
1195,26,0.23384615384615384
244,110,0.17964970809007505
942,24,0.17028985507246377
1664,64,0.3030753968253968
951,19,0.43859649122807015
952,71,0.2659959758551308
753,43,0.28792912513842744
1659,39,0.5681511470985156
1496,41,0.375609756097561
462,29,0.5541871921182266
463,21,0.5095238095238095
87,8,0.14285714285714285
227,72,0.2895148669796557
1418,9,0.6666666666666666
1790,22,0.46320346320346323
1595,2,1.0
987,23,0.4426877470355731
465,62,0.1708090957165521
1114,8,0.35714285714285715
1299,9,0.08333333333333333
1436,7,0.047619047619047616
764,44,0.2632135306553911
1341,36,0.20793650793650795
61,74,0.1462421325435024
1699,62,0.17609730301427817
1631,135,0.13145384190160309
1764,28,0.291005291005291
275,126,0.23961904761904762
38,39,0.09581646423751687
1733,74,0.3217326915957053
1842,38,0.42532005689900426
845,7,0.19047619047619047
533,32,0.22580645161290322
270,8,0.4642857142857143
1652,32,0.2701612903225806
1654,12,0.6515151515151515
506,11,0.4727272727272727
1065,13,0.38461538461538464
1650,10,0.13333333333333333
1688,19,0.38596491228070173
1814,50,0.363265306122449
1265,39,0.44804318488529016
1756,23,0.2648221343873518
1454,13,0.16666666666666666
1203,21,0.2904761904761905
1569,16,0.225
1072,23,0.3715415019762846
221,12,0.6515151515151515
1724,32,0.3084677419354839
1054,3,0.3333333333333333
1516,8,0.32142857142857145
1322,30,0.15172413793103448
676,20,0.6421052631578947
39,1,0.0
40,16,0.7166666666666667
141,106,0.20341419586702605
163,67,0.35956580732700133
41,12,0.4393939393939394
42,3,0.3333333333333333
914,19,0.08771929824561403
1205,79,0.2586822460240182
43,27,0.2962962962962963
762,9,0.16666666666666666
86,69,0.2770673486786019
240,6,0.26666666666666666
1845,76,0.16736842105263158
1132,60,0.20508474576271185
1079,19,0.2046783625730994
44,28,0.31216931216931215
510,19,0.6023391812865497
348,43,0.23145071982281284
1810,23,0.2964426877470356
1395,28,0.4312169312169312
208,30,0.37701149425287356
133,26,0.48
895,23,0.22134387351778656
1086,136,0.10392156862745099
1240,18,0.11764705882352941
307,21,0.44761904761904764
1444,15,0.6476190476190476
1866,17,0.6764705882352942
1791,22,0.5367965367965368
1668,27,0.2962962962962963
1294,37,0.36786786786786785
1077,19,0.32748538011695905
748,21,0.4238095238095238
716,42,0.26248548199767713
526,42,0.27293844367015097
1301,55,0.27070707070707073
542,5,0.8
599,28,0.3994708994708995
858,13,0.5384615384615384
1310,24,0.5253623188405797
491,73,0.2621765601217656
1134,11,0.41818181818181815
551,36,0.5841269841269842
1545,31,0.10967741935483871
1566,24,0.4963768115942029
1567,22,0.45454545454545453
733,33,0.5606060606060606
998,9,0.4722222222222222
1099,23,0.2845849802371542
821,65,0.29951923076923076
1680,88,0.24634273772204807
703,14,0.5274725274725275
372,48,0.30407801418439717
744,22,0.5064935064935064
1510,15,0.4380952380952381
1328,37,0.23423423423423423
442,13,0.34615384615384615
204,19,0.2222222222222222
1011,21,0.3333333333333333
625,11,0.41818181818181815
216,64,0.26884920634920634
1553,28,0.7275132275132276
1836,29,0.5566502463054187
704,29,0.45320197044334976
1427,34,0.3778966131907308
50,23,0.5059288537549407
1840,15,0.6761904761904762
1469,22,0.47186147186147187
1622,18,0.2549019607843137
1563,25,0.54
1846,18,0.5098039215686274
515,8,0.4642857142857143
783,9,0.4444444444444444
1128,8,0.6428571428571429
1746,17,0.7426470588235294
1482,51,0.276078431372549
1730,16,0.725
1004,50,0.30122448979591837
413,40,0.3282051282051282
1537,19,0.5146198830409356
1212,15,0.6095238095238096
524,52,0.30618401206636503
1413,20,0.5210526315789473
917,20,0.38421052631578945
174,70,0.10186335403726708
274,63,0.20890937019969277
134,45,0.35454545454545455
1606,14,0.3626373626373626
1618,20,0.32105263157894737
1316,42,0.29500580720092917
962,45,0.3151515151515151
1500,19,0.49122807017543857
162,41,0.27439024390243905
1153,18,0.41830065359477125
933,55,0.24646464646464647
1628,68,0.33845478489903424
1555,116,0.24287856071964017
1507,72,0.3212050078247261
1376,147,0.14164569937564067
310,42,0.37630662020905925
191,14,0.3626373626373626
193,24,0.2572463768115942
1477,39,0.47908232118758437
1514,32,0.4576612903225806
1515,22,0.3333333333333333
1484,41,0.47804878048780486
1164,17,0.6544117647058824
1350,42,0.24041811846689895
1049,18,0.2222222222222222
94,73,0.24885844748858446
1393,6,0.6
1897,24,0.35507246376811596
1275,40,0.33076923076923076
1438,26,0.2276923076923077
571,9,0.7777777777777778
1063,19,0.5321637426900585
1805,34,0.29590017825311943
1812,7,0.42857142857142855
327,32,0.4495967741935484
832,18,0.41830065359477125
213,12,0.4696969696969697
627,15,0.5333333333333333
824,27,0.3247863247863248
1906,31,0.36989247311827955
461,23,0.6482213438735178
1024,13,0.2692307692307692
921,19,0.6842105263157895
790,20,0.4421052631578947
699,31,0.35053763440860214
1693,13,0.6025641025641025
1538,33,0.48484848484848486
1786,38,0.43385490753911804
836,40,0.6256410256410256
838,24,0.48188405797101447
1630,20,0.4473684210526316
1542,5,1.0
46,14,0.3516483516483517
1424,42,0.07549361207897794
1776,18,0.23529411764705882
47,17,0.47058823529411764
1517,62,0.22739291380222104
624,17,0.2867647058823529
1603,64,0.17807539682539683
617,21,0.06666666666666667
49,2,0.0
1315,2,0.0
288,1,0.0
482,11,0.3090909090909091
51,29,0.26354679802955666
563,9,0.5555555555555556
226,18,0.20915032679738563
1336,8,0.5
641,68,0.20500438981562774
497,21,0.4857142857142857
622,51,0.09725490196078432
1581,36,0.326984126984127
1681,56,0.31363636363636366
971,17,0.11029411764705882
595,29,0.19458128078817735
1900,4,0.16666666666666666
1749,22,0.30735930735930733
54,18,0.48366013071895425
55,22,0.16883116883116883
377,6,0.26666666666666666
683,49,0.27040816326530615
1429,26,0.1753846153846154
1204,7,0.3333333333333333
1410,22,0.4155844155844156
1799,17,0.25735294117647056
539,50,0.32979591836734695
1554,69,0.29624893435635125
1750,20,0.4052631578947368
1258,52,0.16063348416289594
1550,14,0.4945054945054945
1800,41,0.4170731707317073
1826,34,0.3083778966131907
1802,31,0.27956989247311825
988,42,0.11498257839721254
1643,91,0.1496947496947497
58,12,0.6363636363636364
71,10,0.6444444444444445
1675,28,0.1984126984126984
1300,14,0.21978021978021978
1765,56,0.03441558441558441
805,37,0.6021021021021021
728,16,0.5
1692,19,0.36257309941520466
1529,8,0.2857142857142857
1215,6,0.8666666666666667
884,23,0.383399209486166
889,14,0.43956043956043955
1713,16,0.55
635,7,0.2857142857142857
1127,93,0.27349228611500703
905,112,0.24356499356499356
552,59,0.3109292811221508
1105,30,0.34942528735632183
1031,34,0.18716577540106952
649,65,0.2951923076923077
1862,16,0.4666666666666667
780,12,0.2727272727272727
1129,18,0.33986928104575165
1371,33,0.3503787878787879
1390,20,0.1368421052631579
602,26,0.25846153846153846
562,14,0.15384615384615385
1089,32,0.22983870967741934
959,14,0.34065934065934067
451,25,0.5066666666666667
1646,21,0.3476190476190476
1224,36,0.3492063492063492
1908,21,0.23333333333333334
1286,31,0.2064516129032258
1087,2,1.0
1878,24,0.2717391304347826
60,20,0.15789473684210525
749,8,0.35714285714285715
293,20,0.24210526315789474
241,20,0.3157894736842105
1571,12,0.4090909090909091
1000,8,0.2857142857142857
286,3,0.0
370,29,0.32019704433497537
426,79,0.13956507627393702
1047,40,0.3641025641025641
663,8,0.4642857142857143
611,26,0.41846153846153844
1160,41,0.2926829268292683
1150,42,0.2601626016260163
140,5,0.5
1815,9,0.25
1402,6,0.4666666666666667
1903,13,0.3333333333333333
410,15,0.37142857142857144
1734,69,0.2651321398124467
648,10,0.08888888888888889
758,13,0.34615384615384615
1037,19,0.23391812865497075
859,10,0.13333333333333333
731,31,0.41935483870967744
246,19,0.631578947368421
1865,30,0.27816091954022987
1513,35,0.5495798319327732
631,34,0.4028520499108734
1801,4,0.5
765,32,0.3588709677419355
640,28,0.4576719576719577
644,16,0.6333333333333333
650,22,0.23376623376623376
1317,4,0.3333333333333333
1869,22,0.30303030303030304
1144,28,0.40476190476190477
534,29,0.5689655172413793
182,32,0.5463709677419355
1762,32,0.34274193548387094
1264,10,0.37777777777777777
316,12,0.42424242424242425
1638,24,0.32971014492753625
547,23,0.30039525691699603
1058,11,0.509090909090909
1523,32,0.3649193548387097
1270,25,0.36666666666666664
159,15,0.38095238095238093
878,39,0.26450742240215924
969,12,0.25757575757575757
1874,9,0.3055555555555556
1190,31,0.4860215053763441
1136,52,0.2918552036199095
691,38,0.2233285917496444
231,35,0.6084033613445378
1803,39,0.659919028340081
397,24,0.5615942028985508
237,38,0.6386913229018493
1357,40,0.6025641025641025
1199,67,0.3582089552238806
309,56,0.36298701298701297
128,28,0.5608465608465608
1565,15,0.42857142857142855
1759,5,0.3
164,11,0.43636363636363634
1506,49,0.47874149659863946
1208,43,0.5880398671096345
1347,42,0.578397212543554
939,45,0.5313131313131313
1100,44,0.5211416490486258
1820,34,0.5347593582887701
88,49,0.3945578231292517
1107,46,0.48792270531400966
1034,60,0.40225988700564974
885,29,0.4064039408866995
1891,18,0.24183006535947713
1580,32,0.5181451612903226
414,30,0.30114942528735633
1586,27,0.7378917378917379
1225,32,0.6068548387096774
892,38,0.4665718349928876
1655,34,0.679144385026738
199,25,0.5266666666666666
158,53,0.40638606676342526
1530,24,0.7210144927536232
1368,43,0.32004429678848284
934,18,0.43137254901960786
224,68,0.29367866549604915
1289,41,0.4841463414634146
1188,35,0.30756302521008405
64,24,0.2463768115942029
1009,14,0.45054945054945056
1609,4,0.16666666666666666
65,28,0.5
1817,13,0.20512820512820512
1623,25,0.3233333333333333
1366,72,0.18622848200312989
215,29,0.5098522167487685
1511,54,0.30887491264849753
66,12,0.7575757575757576
675,33,0.3162878787878788
980,41,0.4024390243902439
991,5,0.7
992,24,0.2971014492753623
494,104,0.2916355489171023
256,8,0.32142857142857145
1452,8,0.5357142857142857
501,47,0.29509713228492135
212,57,0.12218045112781954
1017,14,0.5934065934065934
254,38,0.4139402560455192
299,17,0.40441176470588236
376,22,0.3722943722943723
380,6,0.26666666666666666
543,16,0.44166666666666665
546,3,1.0
79,12,0.6515151515151515
559,34,0.46880570409982175
142,15,0.5047619047619047
1056,25,0.5033333333333333
1060,5,0.7
108,10,0.4
507,47,0.39037927844588344
581,26,0.3046153846153846
1804,21,0.5761904761904761
320,1,0.0
1399,20,0.2736842105263158
1552,18,0.33986928104575165
843,37,0.46546546546546547
822,4,0.3333333333333333
799,33,0.4583333333333333
1584,14,0.4835164835164835
412,28,0.373015873015873
1113,35,0.4117647058823529
153,28,0.23544973544973544
1592,22,0.23376623376623376
632,21,0.29523809523809524
1120,35,0.426890756302521
1596,8,0.42857142857142855
639,20,0.2631578947368421
1358,18,0.43790849673202614
1098,16,0.3416666666666667
186,9,0.25
190,49,0.3299319727891156
1251,43,0.37652270210409744
958,18,0.477124183006536
694,1,0.0
696,45,0.4131313131313131
1661,20,0.22105263157894736
220,12,0.3939393939393939
1665,26,0.44
229,30,0.25517241379310346
1717,12,0.5
1198,20,0.5526315789473685
720,27,0.37606837606837606
853,14,0.38461538461538464
1702,24,0.322463768115942
745,46,0.19130434782608696
1216,28,0.31746031746031744
1714,10,0.17777777777777778
711,5,0.4
785,44,0.3699788583509514
282,21,0.5095238095238095
1742,60,0.3310734463276836
931,39,0.48582995951417
300,25,0.29
1767,67,0.2365445499773858
1769,14,0.5274725274725275
815,42,0.3612078977932636
117,28,0.5238095238095238
1775,22,0.29004329004329005
330,15,0.3619047619047619
829,44,0.34460887949260044
339,13,0.38461538461538464
841,15,0.26666666666666666
852,39,0.30634278002699056
1006,14,0.1978021978021978
855,19,0.43859649122807015
1778,18,0.4117647058823529
1570,8,0.2857142857142857
368,13,0.5
1321,18,0.26143790849673204
879,44,0.20824524312896406
1330,18,0.5294117647058824
891,20,0.34210526315789475
875,10,0.28888888888888886
1334,29,0.42857142857142855
1524,57,0.40476190476190477
389,13,0.34615384615384615
52,34,0.42780748663101603
1338,18,0.1503267973856209
68,14,0.42857142857142855
1119,17,0.23529411764705882
1859,48,0.2579787234042553
408,45,0.37777777777777777
918,7,0.5714285714285714
1868,27,0.3475783475783476
540,36,0.21428571428571427
1369,28,0.4365079365079365
1375,8,0.32142857142857145
438,8,0.14285714285714285
1430,32,0.41330645161290325
947,47,0.3441258094357077
1385,25,0.35
757,26,0.3353846153846154
792,38,0.33428165007112376
953,23,0.22924901185770752
956,6,0.3333333333333333
1400,25,0.21
452,5,0.1
860,14,0.46153846153846156
454,15,0.24761904761904763
1904,36,0.38095238095238093
1409,17,0.3088235294117647
459,74,0.1643835616438356
69,7,0.5238095238095238
1091,13,0.15384615384615385
131,32,0.2056451612903226
614,8,0.0
1106,19,0.2807017543859649
1599,14,0.18681318681318682
1061,20,0.23157894736842105
1870,32,0.4717741935483871
1434,26,0.18461538461538463
72,5,0.2
73,5,0.4
74,26,0.3292307692307692
1318,29,0.2660098522167488
706,12,0.30303030303030304
75,6,0.2
901,1,0.0
685,11,0.32727272727272727
76,31,0.3634408602150538
1078,56,0.11948051948051948
77,20,0.34210526315789475
1653,37,0.15015015015015015
1501,41,0.32439024390243903
1214,19,0.14035087719298245
961,6,0.3333333333333333
1505,13,0.4358974358974359
1525,30,0.3471264367816092
80,19,0.391812865497076
902,30,0.22988505747126436
82,14,0.38461538461538464
83,7,0.7142857142857143
1690,2,1.0
121,3,0.0
1797,14,0.15384615384615385
1491,5,0.3
1558,8,0.5714285714285714
1860,26,0.11384615384615385
1096,38,0.2119487908961593
882,11,0.45454545454545453
554,21,0.36666666666666664
1227,15,0.5714285714285714
211,46,0.30628019323671496
453,18,0.43137254901960786
1019,8,0.17857142857142858
503,22,0.3852813852813853
1848,13,0.19230769230769232
1604,19,0.4152046783625731
680,15,0.14285714285714285
1005,20,0.04736842105263158
1421,36,0.42857142857142855
361,19,0.7309941520467836
157,1,0.0
146,19,0.6842105263157895
1305,7,0.2857142857142857
96,14,0.2857142857142857
1479,21,0.5190476190476191
1064,2,0.0
89,10,0.15555555555555556
90,10,0.6666666666666666
373,29,0.26108374384236455
1883,19,0.13450292397660818
91,3,0.3333333333333333
701,49,0.3171768707482993
842,8,0.6428571428571429
1178,9,0.05555555555555555
480,9,0.3333333333333333
485,9,0.4166666666666667
359,32,0.0967741935483871
856,14,0.16483516483516483
603,11,0.34545454545454546
1881,15,0.4380952380952381
930,1,0.0
386,20,0.21578947368421053
692,11,0.3090909090909091
1838,11,0.43636363636363634
570,3,0.3333333333333333
469,11,0.36363636363636365
1237,2,0.0
1880,5,1.0
1230,12,0.48484848484848486
93,3,0.6666666666666666
1243,12,0.42424242424242425
122,25,0.10333333333333333
304,11,0.7090909090909091
872,10,0.8
1657,10,0.3111111111111111
349,45,0.2080808080808081
1076,19,0.38011695906432746
850,38,0.17069701280227595
954,21,0.23809523809523808
1092,11,0.4
97,1,0.0
98,11,0.16363636363636364
449,1,0.0
986,21,0.41904761904761906
1894,14,0.23076923076923078
1291,12,0.15151515151515152
1719,14,0.2967032967032967
100,10,0.6
613,26,0.28
1394,39,0.2766531713900135
1755,24,0.2463768115942029
381,10,0.5333333333333333
898,29,0.28078817733990147
1458,4,0.16666666666666666
1050,45,0.3565656565656566
435,24,0.35507246376811596
1035,12,0.13636363636363635
1273,8,0.32142857142857145
596,13,0.46153846153846156
1285,11,0.21818181818181817
152,22,0.48917748917748916
1471,13,0.41025641025641024
522,19,0.22807017543859648
238,20,0.5
1488,7,0.6666666666666666
538,22,0.4329004329004329
1521,10,0.4
1520,6,0.7333333333333333
572,7,0.47619047619047616
574,13,0.47435897435897434
1528,19,0.5614035087719298
1587,24,0.11956521739130435
629,14,0.46153846153846156
1561,9,0.19444444444444445
1080,27,0.4928774928774929
1601,17,0.27941176470588236
1753,20,0.4421052631578947
1191,30,0.5264367816091954
1560,12,0.42424242424242425
1097,7,0.3333333333333333
1123,13,0.5512820512820513
1126,51,0.2235294117647059
172,5,0.8
1156,8,0.7857142857142857
243,23,0.391304347826087
672,10,0.3333333333333333
1574,10,0.2222222222222222
1489,27,0.4444444444444444
115,18,0.3202614379084967
1667,30,0.26436781609195403
185,8,0.25
1757,12,0.5151515151515151
730,21,0.5666666666666667
1698,21,0.43333333333333335
1572,12,0.2727272727272727
1709,4,0.16666666666666666
1712,21,0.49047619047619045
763,26,0.3415384615384615
1722,14,0.43956043956043955
904,10,0.35555555555555557
1731,28,0.21957671957671956
831,19,0.543859649122807
925,22,0.43722943722943725
1644,21,0.3238095238095238
1743,21,0.45714285714285713
297,18,0.40522875816993464
1248,3,0.0
789,22,0.5454545454545454
129,4,0.8333333333333334
795,5,0.6
311,21,0.5619047619047619
801,17,0.6397058823529411
331,16,0.7916666666666666
1861,24,0.32971014492753625
396,7,0.7619047619047619
1853,7,0.47619047619047616
400,23,0.35177865612648224
401,6,0.6666666666666666
909,16,0.575
445,25,0.43
963,38,0.42105263157894735
890,5,0.8
239,10,0.6222222222222222
1910,15,0.580952380952381
1417,7,0.7619047619047619
473,13,0.7051282051282052
105,10,0.5333333333333333
1674,18,0.1568627450980392
1085,10,0.24444444444444444
1435,29,0.22167487684729065
1864,2,0.0
1112,10,0.26666666666666666
165,6,0.0
406,11,0.43636363636363634
659,30,0.2574712643678161
308,20,0.3526315789473684
1159,12,0.4696969696969697
468,8,0.25
809,29,0.024630541871921183
202,23,0.47035573122529645
1551,13,0.6666666666666666
1359,12,0.3333333333333333
607,17,0.5367647058823529
1536,16,0.43333333333333335
111,13,0.44871794871794873
1115,60,0.3288135593220339
1391,2,0.0
196,1,0.0
112,2,0.0
1043,23,0.33992094861660077
1313,63,0.300563236047107
395,39,0.20512820512820512
1016,11,0.14545454545454545
1480,24,0.10507246376811594
1556,11,0.41818181818181815
347,15,0.2857142857142857
384,12,0.25757575757575757
1324,3,0.6666666666666666
1716,14,0.43956043956043955
1335,1,0.0
1548,12,0.30303030303030304
1773,15,0.22857142857142856
1905,5,0.6
597,10,0.5111111111111111
118,1,0.0
1451,1,0.0
1459,16,0.3333333333333333
1396,3,0.3333333333333333
569,3,0.3333333333333333
756,1,0.0
1684,3,0.3333333333333333
1029,7,0.23809523809523808
1493,4,0.5
834,3,0.3333333333333333
1512,3,0.3333333333333333
1504,14,0.5604395604395604
847,9,0.2777777777777778
1283,4,0.16666666666666666
431,11,0.7454545454545455
443,3,0.3333333333333333
123,6,0.2
1200,1,0.0
125,1,0.0
1837,53,0.15820029027576196
873,10,0.3333333333333333
1003,12,0.42424242424242425
1022,19,0.6374269005847953
1023,14,0.5274725274725275
418,6,0.26666666666666666
487,4,0.6666666666666666
584,18,0.43137254901960786
985,4,1.0
967,2,1.0
1611,7,0.7142857142857143
1073,16,0.45
1074,12,0.45454545454545453
888,31,0.38064516129032255
137,2,1.0
143,7,0.8095238095238095
154,3,0.3333333333333333
1122,17,0.5073529411764706
1125,11,0.38181818181818183
160,7,0.5238095238095238
498,11,0.6727272727272727
1082,17,0.6029411764705882
1124,20,0.45789473684210524
500,3,1.0
184,7,0.9047619047619048
1210,7,0.5714285714285714
194,11,0.509090909090909
1163,5,0.3
214,16,0.2
222,27,0.3076923076923077
223,9,0.5555555555555556
225,29,0.33497536945812806
234,22,0.4025974025974026
236,10,0.5777777777777777
242,18,0.39869281045751637
1466,26,0.41846153846153844
192,22,0.6017316017316018
252,9,0.5
1735,4,0.3333333333333333
1013,5,0.7
257,19,0.6666666666666666
1219,22,0.41125541125541126
262,20,0.4473684210526316
263,10,0.6888888888888889
273,5,0.5
277,16,0.31666666666666665
280,12,0.5151515151515151
281,6,0.7333333333333333
283,12,0.6212121212121212
284,15,0.3047619047619048
1238,13,0.5
295,36,0.28888888888888886
313,16,0.6083333333333333
1282,4,0.3333333333333333
1284,4,0.8333333333333334
343,19,0.1286549707602339
356,1,0.0
371,7,0.42857142857142855
387,6,0.5333333333333333
697,19,0.3333333333333333
402,35,0.3983193277310924
1323,21,0.47619047619047616
1353,21,0.46190476190476193
1360,8,0.39285714285714285
1041,11,0.34545454545454546
433,17,0.7352941176470589
1378,4,0.5
436,12,0.45454545454545453
750,22,0.46320346320346323
1382,15,0.44761904761904764
444,16,0.5416666666666666
705,15,0.3142857142857143
271,14,0.6373626373626373
1403,16,0.6166666666666667
1407,13,0.48717948717948717
886,24,0.5289855072463768
1633,25,0.36333333333333334
1419,12,0.6666666666666666
1449,5,0.3
1450,4,1.0
1457,6,0.26666666666666666
1460,27,0.39886039886039887
1461,7,0.42857142857142855
1462,2,1.0
1463,4,0.16666666666666666
1472,1,0.0
516,18,0.45751633986928103
519,6,0.26666666666666666
525,6,0.13333333333333333
527,10,0.26666666666666666
1492,65,0.1639423076923077
544,1,0.0
1440,4,0.5
1473,24,0.4963768115942029
1487,6,0.6666666666666666
1686,8,0.5714285714285714
594,10,0.17777777777777778
600,3,1.0
1562,15,0.21904761904761905
230,22,0.645021645021645
1576,11,0.8181818181818182
1578,7,0.47619047619047616
1591,9,0.3333333333333333
1597,3,0.6666666666666666
642,8,0.9285714285714286
647,14,0.42857142857142855
1613,4,0.6666666666666666
1615,13,0.4230769230769231
1616,12,0.42424242424242425
1885,2,0.0
1173,16,0.6166666666666667
1624,8,0.4642857142857143
1627,13,0.24358974358974358
665,11,0.6909090909090909
673,7,0.38095238095238093
1635,10,0.6444444444444445
1639,11,0.4
1806,7,0.8571428571428571
702,8,0.4642857142857143
466,9,0.4166666666666667
708,31,0.4
1715,12,0.5606060606060606
718,9,0.5
719,4,0.8333333333333334
1691,21,0.6333333333333333
623,32,0.3709677419354839
1028,23,0.2924901185770751
1704,11,0.4909090909090909
1705,12,0.42424242424242425
1710,16,0.275
1718,11,0.23636363636363636
773,5,0.2
775,11,0.2909090909090909
778,19,0.3333333333333333
1738,4,0.16666666666666666
787,11,0.38181818181818183
793,13,0.4358974358974359
797,6,0.2
1768,11,0.6909090909090909
811,17,0.41911764705882354
1780,12,0.45454545454545453
835,13,0.4230769230769231
1398,15,0.3333333333333333
854,11,0.45454545454545453
1809,11,0.4909090909090909
857,28,0.24338624338624337
1819,19,0.32748538011695905
876,13,0.5256410256410257
456,7,0.3333333333333333
1306,18,0.39215686274509803
1740,11,0.43636363636363634
1847,7,0.47619047619047616
903,17,0.6838235294117647
907,12,0.3787878787878788
1854,7,0.2857142857142857
1540,19,0.5672514619883041
929,4,0.5
936,7,0.5238095238095238
940,13,0.6025641025641025
941,2,1.0
1882,11,0.4909090909090909
945,7,0.42857142857142855
1887,7,0.2857142857142857
1890,13,0.16666666666666666
1902,9,0.6111111111111112
1796,5,0.8
1907,10,0.5111111111111111
294,5,0.9
977,5,0.8
1373,13,0.21794871794871795
130,1,0.0
279,6,0.26666666666666666
819,27,0.1737891737891738
1632,6,0.06666666666666667
1498,7,0.9523809523809523
994,12,0.7424242424242424
1161,5,0.4
135,10,0.4666666666666667
136,7,0.9047619047619048
138,10,0.4444444444444444
1499,10,0.5777777777777777
1331,6,0.6
1377,22,0.36796536796536794
1292,14,0.5164835164835165
1231,6,0.06666666666666667
1663,15,0.49523809523809526
1875,5,0.6
1401,15,0.5142857142857142
210,8,0.14285714285714285
767,55,0.30437710437710436
529,2,0.0
1415,17,0.16911764705882354
156,5,0.2
1612,18,0.1568627450980392
1295,32,0.06048387096774194
1573,16,0.575
1629,1,0.0
839,10,0.17777777777777778
1181,13,0.24358974358974358
1051,6,0.4666666666666667
737,7,0.14285714285714285
662,5,0.7
1139,3,0.0
166,3,1.0
484,5,0.1
168,2,1.0
169,4,0.8333333333333334
171,2,1.0
1252,2,1.0
1030,5,0.3
326,9,0.3333333333333333
1405,7,0.14285714285714285
1406,4,0.16666666666666666
178,6,0.2
1834,6,0.3333333333333333
181,2,0.0
667,1,0.0
1725,12,0.21212121212121213
183,20,0.4789473684210526
700,4,0.5
187,6,0.5333333333333333
1425,6,0.6
946,10,0.3111111111111111
333,11,0.4727272727272727
1262,6,0.0
1101,7,0.0
863,48,0.11702127659574468
379,18,0.29411764705882354
1174,14,0.2857142857142857
1412,10,0.26666666666666666
973,10,0.28888888888888886
583,9,0.08333333333333333
1649,9,0.2222222222222222
1588,6,0.26666666666666666
591,2,1.0
1509,8,0.35714285714285715
1229,2,0.0
1018,6,0.4
1816,7,0.47619047619047616
512,4,0.3333333333333333
232,2,0.0
1679,7,0.19047619047619047
964,4,0.16666666666666666
796,6,0.26666666666666666
1559,8,0.39285714285714285
768,13,0.20512820512820512
974,6,0.13333333333333333
394,2,0.0
774,4,0.0
646,4,0.0
779,14,0.2087912087912088
1303,8,0.14285714285714285
531,1,0.0
782,5,0.4
1873,3,0.3333333333333333
800,2,0.0
1363,4,0.16666666666666666
1364,4,0.0
200,1,0.0
1131,18,0.30718954248366015
203,11,0.34545454545454546
1276,3,0.6666666666666666
1346,6,0.3333333333333333
997,17,0.058823529411764705
1223,17,0.25735294117647056
206,7,0.38095238095238093
1783,23,0.3201581027667984
955,7,0.047619047619047616
724,6,0.0
1858,17,0.4264705882352941
803,11,0.23636363636363636
334,4,0.3333333333333333
1760,20,0.4368421052631579
1152,14,0.17582417582417584
1062,13,0.23076923076923078
218,2,0.0
1211,14,0.32967032967032966
450,4,0.5
285,29,0.13793103448275862
950,8,0.9285714285714286
545,4,0.5
681,25,0.21333333333333335
1526,14,0.27472527472527475
228,1,0.0
837,2,0.0
458,7,0.047619047619047616
233,1,0.0
932,10,0.15555555555555556
1833,5,0.2
518,1,0.0
1889,7,0.14285714285714285
668,5,0.8
247,1,0.0
1332,12,0.2727272727272727
1594,5,0.4
362,9,0.4166666666666667
405,4,0.6666666666666666
251,1,0.0
253,3,1.0
255,2,0.0
53,7,0.047619047619047616
259,4,0.16666666666666666
1818,2,0.0
618,9,0.05555555555555555
1111,8,0.10714285714285714
761,15,0.3333333333333333
1695,8,0.5
1568,7,0.23809523809523808
966,11,0.2727272727272727
633,4,0.8333333333333334
1187,6,0.13333333333333333
266,1,0.0
653,15,0.08571428571428572
268,2,0.0
269,6,0.26666666666666666
354,1,0.0
655,1,0.0
272,4,0.16666666666666666
1253,5,0.4
276,1,0.0
1242,3,0.6666666666666666
1278,11,0.12727272727272726
771,10,0.2
804,1,0.0
550,2,1.0
586,8,0.7857142857142857
1141,3,1.0
664,13,0.19230769230769232
707,7,0.23809523809523808
1247,1,0.0
328,12,0.25757575757575757
1281,9,0.4444444444444444
1651,9,0.3055555555555556
1795,4,0.16666666666666666
1447,4,0.0
1397,10,0.15555555555555556
972,9,0.4444444444444444
1021,8,0.17857142857142858
558,4,0.16666666666666666
1605,9,0.2222222222222222
643,6,0.5333333333333333
678,5,0.4
714,1,0.0
741,4,0.6666666666666666
1723,3,0.3333333333333333
813,2,1.0
1518,8,0.5714285714285714
1774,11,0.34545454545454546
1094,5,0.3
1352,9,0.4444444444444444
1575,8,0.21428571428571427
1059,7,0.19047619047619047
292,5,0.6
490,3,0.0
511,17,0.17647058823529413
296,1,0.0
1143,3,0.0
419,11,0.16363636363636364
301,2,1.0
346,4,0.0
735,6,0.4
593,6,0.26666666666666666
833,1,0.0
1103,3,0.3333333333333333
360,6,0.4666666666666667
314,2,0.0
979,11,0.12727272727272726
1081,2,1.0
871,4,0.16666666666666666
329,2,1.0
671,5,0.7
1656,8,0.32142857142857145
1261,1,0.0
365,6,0.5333333333333333
1577,2,0.0
1830,4,0.16666666666666666
537,8,0.5357142857142857
937,3,1.0
1610,3,0.3333333333333333
81,1,0.0
321,3,0.3333333333333333
1884,9,0.1111111111111111
1217,15,0.45714285714285713
434,4,0.6666666666666666
1186,5,0.1
566,9,0.08333333333333333
1448,6,0.4
926,9,0.19444444444444445
776,15,0.19047619047619047
344,1,0.0
1708,3,0.0
355,2,0.0
357,1,0.0
416,4,0.16666666666666666
1497,2,0.0
1547,14,0.2967032967032967
861,9,0.1111111111111111
794,13,0.23076923076923078
619,5,0.4
826,11,0.2727272727272727
364,2,0.0
345,9,0.4166666666666667
1678,4,0.5
366,7,0.8095238095238095
1271,13,0.24358974358974358
573,13,0.4230769230769231
1272,6,0.26666666666666666
1792,7,0.09523809523809523
382,6,0.4666666666666667
772,1,0.0
385,3,0.3333333333333333
755,9,0.3888888888888889
1729,3,0.3333333333333333
302,4,0.5
393,8,0.21428571428571427
927,9,0.19444444444444445
1048,10,0.044444444444444446
1379,18,0.3333333333333333
495,2,0.0
1637,3,0.0
144,6,0.5333333333333333
1172,3,0.6666666666666666
1600,17,0.22058823529411764
1831,9,0.1111111111111111
1772,5,0.1
420,2,0.0
421,8,0.14285714285714285
1682,4,0.16666666666666666
651,6,0.06666666666666667
1617,4,0.16666666666666666
938,11,0.34545454545454546
427,1,0.0
481,4,0.8333333333333334
865,1,0.0
1620,8,0.39285714285714285
1149,11,0.509090909090909
1752,3,1.0
1027,4,0.16666666666666666
1671,16,0.13333333333333333
1495,4,0.16666666666666666
1445,2,1.0
1766,2,0.0
1546,4,0.0
1852,11,0.18181818181818182
1130,3,0.0
1362,1,0.0
1042,3,0.0
948,13,0.3333333333333333
1898,2,1.0
1118,2,0.0
464,1,0.0
588,2,0.0
1309,5,0.6
579,7,0.38095238095238093
727,3,1.0
844,12,0.22727272727272727
1296,4,0.3333333333333333
1748,6,0.2
1355,7,0.6666666666666666
616,1,0.0
1380,1,0.0
922,6,0.06666666666666667
476,6,0.13333333333333333
1117,1,0.0
739,1,0.0
561,2,0.0
1703,3,0.3333333333333333
1176,2,0.0
508,5,0.4
1339,2,0.0
535,3,0.6666666666666666
1349,13,0.16666666666666666
1404,3,0.0
1879,6,0.4
1626,1,0.0
521,5,0.0
652,5,0.1
1823,15,0.26666666666666666
509,6,0.13333333333333333
791,6,1.0
177,6,0.06666666666666667
943,4,0.3333333333333333
1751,4,0.3333333333333333
548,1,0.0
1165,5,0.0
556,2,1.0
846,5,0.3
990,1,0.0
1145,5,0.5
670,4,0.16666666666666666
1893,6,0.4
568,2,0.0
1781,3,0.0
1607,1,0.0
582,1,0.0
1192,6,0.2
145,1,0.0
606,1,0.0
1342,4,0.16666666666666666
620,2,1.0
1779,3,0.3333333333333333
1055,1,0.0
626,1,0.0
1527,1,0.0
634,2,1.0
825,1,0.0
1057,5,0.1
1171,1,0.0
660,2,0.0
1696,5,0.1
1046,1,0.0
906,16,0.18333333333333332
1439,2,0.0
935,2,0.0
687,1,0.0
693,3,0.0
1849,6,0.26666666666666666
1277,2,0.0
695,1,0.0
978,6,0.26666666666666666
808,2,0.0
1888,3,0.0
1182,6,0.9333333333333333
710,2,0.0
1689,1,0.0
981,1,0.0
1707,1,0.0
1697,1,0.0
1899,1,0.0
721,1,0.0
722,1,0.0
723,1,0.0
729,1,0.0
740,2,1.0
770,1,0.0
1508,2,0.0
1534,1,0.0
1302,4,0.6666666666666666
1728,2,0.0
658,6,0.5333333333333333
1813,1,0.0
1777,1,0.0
1032,1,0.0
1218,1,0.0
1133,3,0.0
1895,1,0.0
1582,5,0.4
684,5,0.5
1162,4,0.16666666666666666
1798,2,1.0
1832,1,0.0
760,2,1.0
1381,5,0.4
999,4,0.3333333333333333
965,4,0.0
949,1,0.0
1794,1,0.0
1010,1,0.0
1001,3,0.3333333333333333
1453,2,1.0
1531,2,0.0
900,1,0.0
1250,2,0.0
1901,1,0.0
1044,1,0.0
1683,2,0.0
1770,2,0.0
1645,2,1.0
1886,4,0.16666666666666666
1069,1,0.0
1070,1,0.0
1071,2,0.0
1075,3,1.0
1481,3,0.3333333333333333
1437,1,0.0
1088,1,0.0
1233,1,0.0
1110,1,0.0
1446,1,0.0
1465,2,1.0
1583,1,0.0
1319,1,0.0
1428,3,0.3333333333333333
1244,1,0.0
1222,1,0.0
1325,2,0.0
1235,3,0.3333333333333333
1658,1,0.0
1343,1,0.0
1685,3,0.0
1519,1,0.0
1564,1,0.0
1625,2,0.0
1771,2,1.0
1116,1,0.0
1857,1,0.0
1468,1,0.0
1672,1,0.0
1828,1,0.0
532,1,0.0
